8bp Barcode,Stock,Base Strain,Genome Path,Primer Number,Oligo string (from Primer Number1)
acaacgta,s.GO.X.00334,G_obscurus,Geodermatophilus_obscurus_DSM_43160_GCF_000025345.1,p.00285,ACTATAACGGTCCUAAGGTAGCGAACGATCTACTGTGTTCGTGTacaacgtaCCGACAATCTCCAAGACATTAGGTG
aggtggac,s.RR.X.00335,R_radiotolerans,Rubrobacter_radiotolerans_ATCC_51242_GCF_033842665.1,p.00286,ACTATAACGGTCCUAAGGTAGCGAACGATCTACTGTGTTCGTGTaggtggacCCGACAATCTCCAAGACATTAGGTG
attgttag,s.BS.B.00125,B_subtilus,Bacillus_subtilis_PY79_GCF_023521615.1,p.00287,ACTATAACGGTCCUAAGGTAGCGAACGATCTACTGTGTTCGTGTattgttagCCGACAATCTCCAAGACATTAGGTG
cacgatca,s.HE.X.00237,H_elongata,Halomonas_elongata_DSM_2581_GCF_000196875.2,p.00288,ACTATAACGGTCCUAAGGTAGCGAACGATCTACTGTGTTCGTGTcacgatcaCCGACAATCTCCAAGACATTAGGTG
catccgat,s.Ek.E.00972,E_coli_K12,Escherichia_coli_K-12_substr._MG1655_GCF_000005845.2,p.00289,ACTATAACGGTCCUAAGGTAGCGAACGATCTACTGTGTTCGTGTcatccgatCCGACAATCTCCAAGACATTAGGTG
ccatgccg,s.DR.X.00276,D_radiodurans,Deinococcus_radiodurans_ATCC_13939_GCF_020546685.1,p.00290,ACTATAACGGTCCUAAGGTAGCGAACGATCTACTGTGTTCGTGTccatgccgCCGACAATCTCCAAGACATTAGGTG
gaatctgc,s.PH.X.00316,P_halocryophilus,Planococcus_halocryophilus_DSM_24743_GCF_001687585.2,p.00291,ACTATAACGGTCCUAAGGTAGCGAACGATCTACTGTGTTCGTGTgaatctgcCCGACAATCTCCAAGACATTAGGTG
gccatagt,s.CP.X.00281,C_psychrerythraea,"Colwellia_psychrerythraea_34H_BAA-681_GCF_000012325.1",p.00292,ACTATAACGGTCCUAAGGTAGCGAACGATCTACTGTGTTCGTGTgccatagtCCGACAATCTCCAAGACATTAGGTG
gcgcacaa,s.Cn.X.00977,C_necator,Cupriavidus_necator_H16_GCF_004798725.1,p.00293,ACTATAACGGTCCUAAGGTAGCGAACGATCTACTGTGTTCGTGTgcgcacaaCCGACAATCTCCAAGACATTAGGTG
ggtggctt,s.Kv.X.01102,K_variicola,Klebsiella_variicola_DSM_15968_GCF_000828055.2,p.00294,ACTATAACGGTCCUAAGGTAGCGAACGATCTACTGTGTTCGTGTggtggcttCCGACAATCTCCAAGACATTAGGTG
tataacgg,s.Pp.X.00978,P_putida,Pseudomonas_putida_KT2440_GCF_045571375.1,p.00295,ACTATAACGGTCCUAAGGTAGCGAACGATCTACTGTGTTCGTGTtataacggCCGACAATCTCCAAGACATTAGGTG
ttacagcc,,,,p.00296,ACTATAACGGTCCUAAGGTAGCGAACGATCTACTGTGTTCGTGTttacagccCCGACAATCTCCAAGACATTAGGTG
ttcttcta,,,,p.00297,ACTATAACGGTCCUAAGGTAGCGAACGATCTACTGTGTTCGTGTttcttctaCCGACAATCTCCAAGACATTAGGTG
